method,valid_samples,total_samples,accuracy,precision,recall,f1_score
zero_shot,10,10,0.5,0.5714285714285714,0.5,0.48484848484848475
cot,10,10,0.5,0.5714285714285714,0.5,0.48484848484848475
few_shot,10,10,0.4,0.16,0.4,0.22857142857142856
